team,date
Atlanta Hawks,"Sat, Nov 01, 2025"
Atlanta Hawks,"Wed, Nov 05, 2025"
Atlanta Hawks,"Tue, Nov 11, 2025"
Atlanta Hawks,"Thu, Nov 13, 2025"
Atlanta Hawks,"Fri, Nov 21, 2025"
Atlanta Hawks,"Mon, Dec 01, 2025"
Boston Celtics,"Mon, Nov 03, 2025"
Boston Celtics,"Wed, Nov 05, 2025"
Boston Celtics,"Tue, Nov 11, 2025"
Boston Celtics,"Sat, Nov 15, 2025"
Boston Celtics,"Mon, Nov 17, 2025"
Boston Celtics,"Fri, Nov 21, 2025"
Boston Celtics,"Thu, Nov 27, 2025"
Boston Celtics,"Sat, Nov 29, 2025"
Boston Celtics,"Mon, Dec 01, 2025"
Boston Celtics,"Thu, Dec 25, 2025"
Brooklyn Nets,"Mon, Nov 03, 2025"
Brooklyn Nets,"Fri, Nov 07, 2025"
Brooklyn Nets,"Sat, Nov 15, 2025"
Brooklyn Nets,"Mon, Nov 17, 2025"
Brooklyn Nets,"Wed, Nov 19, 2025"
Brooklyn Nets,"Sun, Nov 23, 2025"
Brooklyn Nets,"Thu, Nov 27, 2025"
Brooklyn Nets,"Fri, Nov 28, 2025"
Brooklyn Nets,"Thu, Dec 25, 2025"
Chicago Bulls,"Wed, Nov 05, 2025"
Chicago Bulls,"Fri, Nov 07, 2025"
Chicago Bulls,"Tue, Nov 11, 2025"
Chicago Bulls,"Sat, Nov 15, 2025"
Chicago Bulls,"Mon, Nov 17, 2025"
Chicago Bulls,"Wed, Nov 19, 2025"
Chicago Bulls,"Thu, Dec 25, 2025"
Cleveland Cavaliers,"Sat, Nov 01, 2025"
Cleveland Cavaliers,"Wed, Nov 05, 2025"
Cleveland Cavaliers,"Tue, Nov 11, 2025"
Cleveland Cavaliers,"Thu, Nov 13, 2025"
Cleveland Cavaliers,"Sat, Nov 15, 2025"
Cleveland Cavaliers,"Thu, Nov 27, 2025"
Dallas Mavericks,"Sat, Nov 01, 2025"
Dallas Mavericks,"Wed, Nov 05, 2025"
Dallas Mavericks,"Tue, Nov 11, 2025"
Dallas Mavericks,"Thu, Nov 13, 2025"
Dallas Mavericks,"Fri, Nov 21, 2025"
Dallas Mavericks,"Sat, Nov 29, 2025"
Dallas Mavericks,"Mon, Dec 01, 2025"
Denver Nuggets,"Sat, Nov 01, 2025"
Denver Nuggets,"Mon, Nov 03, 2025"
Denver Nuggets,"Thu, Nov 13, 2025"
Denver Nuggets,"Sun, Nov 23, 2025"
Denver Nuggets,"Thu, Nov 27, 2025"
Denver Nuggets,"Fri, Nov 28, 2025"
Denver Nuggets,"Sat, Nov 29, 2025"
Denver Nuggets,"Mon, Dec 01, 2025"
Golden State Warriors,"Sat, Nov 01, 2025"
Golden State Warriors,"Fri, Nov 07, 2025"
Golden State Warriors,"Thu, Nov 13, 2025"
Golden State Warriors,"Wed, Nov 19, 2025"
Golden State Warriors,"Fri, Nov 21, 2025"
Golden State Warriors,"Sun, Nov 23, 2025"
Golden State Warriors,"Fri, Nov 28, 2025"
Golden State Warriors,"Sat, Nov 29, 2025"
Golden State Warriors,"Mon, Dec 01, 2025"
Houston Rockets,"Sat, Nov 01, 2025"
Houston Rockets,"Wed, Nov 05, 2025"
Houston Rockets,"Fri, Nov 07, 2025"
Houston Rockets,"Mon, Nov 17, 2025"
Houston Rockets,"Fri, Nov 28, 2025"
Houston Rockets,"Sat, Nov 29, 2025"
Houston Rockets,"Mon, Dec 01, 2025"
Los Angeles Lakers,"Sat, Nov 01, 2025"
Los Angeles Lakers,"Fri, Nov 07, 2025"
Los Angeles Lakers,"Thu, Nov 13, 2025"
Los Angeles Lakers,"Fri, Nov 21, 2025"
Los Angeles Lakers,"Sun, Nov 23, 2025"
Los Angeles Lakers,"Thu, Nov 27, 2025"
Los Angeles Lakers,"Fri, Nov 28, 2025"
Los Angeles Lakers,"Sat, Nov 29, 2025"
Los Angeles Lakers,"Mon, Dec 01, 2025"
Miami Heat,"Mon, Nov 03, 2025"
Miami Heat,"Fri, Nov 07, 2025"
Miami Heat,"Tue, Nov 11, 2025"
Miami Heat,"Sat, Nov 15, 2025"
Miami Heat,"Wed, Nov 19, 2025"
Miami Heat,"Fri, Nov 21, 2025"
Miami Heat,"Sun, Nov 23, 2025"
Miami Heat,"Thu, Dec 25, 2025"
Milwaukee Bucks,"Mon, Nov 03, 2025"
Milwaukee Bucks,"Wed, Nov 05, 2025"
Milwaukee Bucks,"Tue, Nov 11, 2025"
Milwaukee Bucks,"Sat, Nov 15, 2025"
Milwaukee Bucks,"Mon, Nov 17, 2025"
Milwaukee Bucks,"Wed, Nov 19, 2025"
Milwaukee Bucks,"Thu, Dec 25, 2025"
New York Knicks,"Mon, Nov 03, 2025"
New York Knicks,"Fri, Nov 07, 2025"
New York Knicks,"Mon, Nov 17, 2025"
New York Knicks,"Wed, Nov 19, 2025"
New York Knicks,"Fri, Nov 21, 2025"
New York Knicks,"Sun, Nov 23, 2025"
New York Knicks,"Thu, Nov 27, 2025"
New York Knicks,"Fri, Nov 28, 2025"
New York Knicks,"Sat, Nov 29, 2025"
New York Knicks,"Thu, Dec 25, 2025"
Philadelphia 76ers,"Mon, Nov 03, 2025"
Philadelphia 76ers,"Thu, Nov 13, 2025"
Philadelphia 76ers,"Sat, Nov 15, 2025"
Philadelphia 76ers,"Mon, Nov 17, 2025"
Philadelphia 76ers,"Wed, Nov 19, 2025"
Philadelphia 76ers,"Sun, Nov 23, 2025"
Philadelphia 76ers,"Thu, Nov 27, 2025"
Philadelphia 76ers,"Fri, Nov 28, 2025"
Philadelphia 76ers,"Thu, Dec 25, 2025"
Phoenix Suns,"Sat, Nov 01, 2025"
Phoenix Suns,"Wed, Nov 05, 2025"
Phoenix Suns,"Fri, Nov 07, 2025"
Phoenix Suns,"Mon, Nov 17, 2025"
Phoenix Suns,"Thu, Nov 27, 2025"
Phoenix Suns,"Fri, Nov 28, 2025"
Phoenix Suns,"Sat, Nov 29, 2025"
Phoenix Suns,"Mon, Dec 01, 2025"
Toronto Raptors,"Mon, Nov 03, 2025"
Toronto Raptors,"Tue, Nov 11, 2025"
Toronto Raptors,"Thu, Nov 13, 2025"
Toronto Raptors,"Sat, Nov 15, 2025"
Toronto Raptors,"Wed, Nov 19, 2025"
Toronto Raptors,"Fri, Nov 21, 2025"
Toronto Raptors,"Sun, Nov 23, 2025"
Toronto Raptors,"Thu, Dec 25, 2025"
