team_i,team_j,home_vs_j_count,away_at_j_count
Atlanta Hawks,Boston Celtics,1,0
Atlanta Hawks,Brooklyn Nets,0,1
Atlanta Hawks,Chicago Bulls,1,1
Atlanta Hawks,Cleveland Cavaliers,0,1
Atlanta Hawks,Dallas Mavericks,1,0
Atlanta Hawks,Denver Nuggets,0,1
Atlanta Hawks,Golden State Warriors,1,0
Atlanta Hawks,Houston Rockets,0,1
Atlanta Hawks,Los Angeles Lakers,1,0
Atlanta Hawks,Miami Heat,1,0
Atlanta Hawks,Milwaukee Bucks,1,0
Atlanta Hawks,New York Knicks,1,0
Atlanta Hawks,Philadelphia 76ers,0,1
Atlanta Hawks,Phoenix Suns,1,0
Atlanta Hawks,Toronto Raptors,1,0
Boston Celtics,Atlanta Hawks,0,1
Boston Celtics,Brooklyn Nets,0,1
Boston Celtics,Chicago Bulls,0,1
Boston Celtics,Cleveland Cavaliers,0,1
Boston Celtics,Dallas Mavericks,1,0
Boston Celtics,Denver Nuggets,0,1
Boston Celtics,Golden State Warriors,1,1
Boston Celtics,Houston Rockets,0,1
Boston Celtics,Los Angeles Lakers,0,1
Boston Celtics,Miami Heat,1,0
Boston Celtics,Milwaukee Bucks,1,0
Boston Celtics,New York Knicks,0,1
Boston Celtics,Philadelphia 76ers,1,0
Boston Celtics,Phoenix Suns,1,0
Boston Celtics,Toronto Raptors,0,1
Brooklyn Nets,Atlanta Hawks,1,0
Brooklyn Nets,Boston Celtics,1,0
Brooklyn Nets,Chicago Bulls,0,1
Brooklyn Nets,Cleveland Cavaliers,0,1
Brooklyn Nets,Dallas Mavericks,1,0
Brooklyn Nets,Denver Nuggets,1,1
Brooklyn Nets,Golden State Warriors,1,0
Brooklyn Nets,Houston Rockets,0,1
Brooklyn Nets,Los Angeles Lakers,0,1
Brooklyn Nets,Miami Heat,1,0
Brooklyn Nets,Milwaukee Bucks,0,1
Brooklyn Nets,New York Knicks,0,1
Brooklyn Nets,Philadelphia 76ers,1,0
Brooklyn Nets,Phoenix Suns,0,1
Brooklyn Nets,Toronto Raptors,0,1
Chicago Bulls,Atlanta Hawks,1,1
Chicago Bulls,Boston Celtics,1,0
Chicago Bulls,Brooklyn Nets,1,0
Chicago Bulls,Cleveland Cavaliers,0,1
Chicago Bulls,Dallas Mavericks,0,1
Chicago Bulls,Denver Nuggets,1,0
Chicago Bulls,Golden State Warriors,1,0
Chicago Bulls,Houston Rockets,1,0
Chicago Bulls,Los Angeles Lakers,1,0
Chicago Bulls,Miami Heat,0,1
Chicago Bulls,Milwaukee Bucks,1,0
Chicago Bulls,New York Knicks,0,1
Chicago Bulls,Philadelphia 76ers,0,1
Chicago Bulls,Phoenix Suns,0,1
Chicago Bulls,Toronto Raptors,1,0
Cleveland Cavaliers,Atlanta Hawks,1,0
Cleveland Cavaliers,Boston Celtics,1,0
Cleveland Cavaliers,Brooklyn Nets,1,0
Cleveland Cavaliers,Chicago Bulls,1,0
Cleveland Cavaliers,Dallas Mavericks,0,1
Cleveland Cavaliers,Denver Nuggets,1,0
Cleveland Cavaliers,Golden State Warriors,0,1
Cleveland Cavaliers,Houston Rockets,1,0
Cleveland Cavaliers,Los Angeles Lakers,0,1
Cleveland Cavaliers,Miami Heat,1,0
Cleveland Cavaliers,Milwaukee Bucks,1,1
Cleveland Cavaliers,New York Knicks,1,0
Cleveland Cavaliers,Philadelphia 76ers,0,1
Cleveland Cavaliers,Phoenix Suns,0,1
Cleveland Cavaliers,Toronto Raptors,1,0
Dallas Mavericks,Atlanta Hawks,0,1
Dallas Mavericks,Boston Celtics,0,1
Dallas Mavericks,Brooklyn Nets,0,1
Dallas Mavericks,Chicago Bulls,1,0
Dallas Mavericks,Cleveland Cavaliers,1,0
Dallas Mavericks,Denver Nuggets,1,0
Dallas Mavericks,Golden State Warriors,1,0
Dallas Mavericks,Houston Rockets,1,0
Dallas Mavericks,Los Angeles Lakers,1,0
Dallas Mavericks,Miami Heat,1,1
Dallas Mavericks,Milwaukee Bucks,0,1
Dallas Mavericks,New York Knicks,0,1
Dallas Mavericks,Philadelphia 76ers,1,0
Dallas Mavericks,Phoenix Suns,0,1
Dallas Mavericks,Toronto Raptors,1,0
Denver Nuggets,Atlanta Hawks,1,0
Denver Nuggets,Boston Celtics,1,0
Denver Nuggets,Brooklyn Nets,1,1
Denver Nuggets,Chicago Bulls,0,1
Denver Nuggets,Cleveland Cavaliers,0,1
Denver Nuggets,Dallas Mavericks,0,1
Denver Nuggets,Golden State Warriors,0,1
Denver Nuggets,Houston Rockets,1,0
Denver Nuggets,Los Angeles Lakers,1,0
Denver Nuggets,Miami Heat,1,0
Denver Nuggets,Milwaukee Bucks,0,1
Denver Nuggets,New York Knicks,1,0
Denver Nuggets,Philadelphia 76ers,1,0
Denver Nuggets,Phoenix Suns,0,1
Denver Nuggets,Toronto Raptors,0,1
Golden State Warriors,Atlanta Hawks,0,1
Golden State Warriors,Boston Celtics,1,1
Golden State Warriors,Brooklyn Nets,0,1
Golden State Warriors,Chicago Bulls,0,1
Golden State Warriors,Cleveland Cavaliers,1,0
Golden State Warriors,Dallas Mavericks,0,1
Golden State Warriors,Denver Nuggets,1,0
Golden State Warriors,Houston Rockets,1,0
Golden State Warriors,Los Angeles Lakers,0,1
Golden State Warriors,Miami Heat,0,1
Golden State Warriors,Milwaukee Bucks,1,0
Golden State Warriors,New York Knicks,1,0
Golden State Warriors,Philadelphia 76ers,1,0
Golden State Warriors,Phoenix Suns,0,1
Golden State Warriors,Toronto Raptors,0,1
Houston Rockets,Atlanta Hawks,1,0
Houston Rockets,Boston Celtics,1,0
Houston Rockets,Brooklyn Nets,1,0
Houston Rockets,Chicago Bulls,0,1
Houston Rockets,Cleveland Cavaliers,0,1
Houston Rockets,Dallas Mavericks,0,1
Houston Rockets,Denver Nuggets,0,1
Houston Rockets,Golden State Warriors,0,1
Houston Rockets,Los Angeles Lakers,1,0
Houston Rockets,Miami Heat,0,1
Houston Rockets,Milwaukee Bucks,1,0
Houston Rockets,New York Knicks,1,0
Houston Rockets,Philadelphia 76ers,1,0
Houston Rockets,Phoenix Suns,1,0
Houston Rockets,Toronto Raptors,1,1
Los Angeles Lakers,Atlanta Hawks,0,1
Los Angeles Lakers,Boston Celtics,1,0
Los Angeles Lakers,Brooklyn Nets,1,0
Los Angeles Lakers,Chicago Bulls,0,1
Los Angeles Lakers,Cleveland Cavaliers,1,0
Los Angeles Lakers,Dallas Mavericks,0,1
Los Angeles Lakers,Denver Nuggets,0,1
Los Angeles Lakers,Golden State Warriors,1,0
Los Angeles Lakers,Houston Rockets,0,1
Los Angeles Lakers,Miami Heat,0,1
Los Angeles Lakers,Milwaukee Bucks,0,1
Los Angeles Lakers,New York Knicks,1,1
Los Angeles Lakers,Philadelphia 76ers,0,1
Los Angeles Lakers,Phoenix Suns,1,0
Los Angeles Lakers,Toronto Raptors,1,0
Miami Heat,Atlanta Hawks,0,1
Miami Heat,Boston Celtics,0,1
Miami Heat,Brooklyn Nets,0,1
Miami Heat,Chicago Bulls,1,0
Miami Heat,Cleveland Cavaliers,0,1
Miami Heat,Dallas Mavericks,1,1
Miami Heat,Denver Nuggets,0,1
Miami Heat,Golden State Warriors,1,0
Miami Heat,Houston Rockets,1,0
Miami Heat,Los Angeles Lakers,1,0
Miami Heat,Milwaukee Bucks,0,1
Miami Heat,New York Knicks,1,0
Miami Heat,Philadelphia 76ers,1,0
Miami Heat,Phoenix Suns,1,0
Miami Heat,Toronto Raptors,0,1
Milwaukee Bucks,Atlanta Hawks,0,1
Milwaukee Bucks,Boston Celtics,0,1
Milwaukee Bucks,Brooklyn Nets,1,0
Milwaukee Bucks,Chicago Bulls,0,1
Milwaukee Bucks,Cleveland Cavaliers,1,1
Milwaukee Bucks,Dallas Mavericks,1,0
Milwaukee Bucks,Denver Nuggets,1,0
Milwaukee Bucks,Golden State Warriors,0,1
Milwaukee Bucks,Houston Rockets,0,1
Milwaukee Bucks,Los Angeles Lakers,1,0
Milwaukee Bucks,Miami Heat,1,0
Milwaukee Bucks,New York Knicks,1,0
Milwaukee Bucks,Philadelphia 76ers,1,0
Milwaukee Bucks,Phoenix Suns,1,0
Milwaukee Bucks,Toronto Raptors,0,1
New York Knicks,Atlanta Hawks,0,1
New York Knicks,Boston Celtics,1,0
New York Knicks,Brooklyn Nets,1,0
New York Knicks,Chicago Bulls,1,0
New York Knicks,Cleveland Cavaliers,0,1
New York Knicks,Dallas Mavericks,1,0
New York Knicks,Denver Nuggets,0,1
New York Knicks,Golden State Warriors,0,1
New York Knicks,Houston Rockets,0,1
New York Knicks,Los Angeles Lakers,1,1
New York Knicks,Miami Heat,0,1
New York Knicks,Milwaukee Bucks,0,1
New York Knicks,Philadelphia 76ers,0,1
New York Knicks,Phoenix Suns,0,1
New York Knicks,Toronto Raptors,1,0
Philadelphia 76ers,Atlanta Hawks,1,0
Philadelphia 76ers,Boston Celtics,0,1
Philadelphia 76ers,Brooklyn Nets,0,1
Philadelphia 76ers,Chicago Bulls,1,0
Philadelphia 76ers,Cleveland Cavaliers,1,0
Philadelphia 76ers,Dallas Mavericks,0,1
Philadelphia 76ers,Denver Nuggets,0,1
Philadelphia 76ers,Golden State Warriors,0,1
Philadelphia 76ers,Houston Rockets,0,1
Philadelphia 76ers,Los Angeles Lakers,1,0
Philadelphia 76ers,Miami Heat,0,1
Philadelphia 76ers,Milwaukee Bucks,0,1
Philadelphia 76ers,New York Knicks,1,0
Philadelphia 76ers,Phoenix Suns,1,1
Philadelphia 76ers,Toronto Raptors,1,0
Phoenix Suns,Atlanta Hawks,0,1
Phoenix Suns,Boston Celtics,0,1
Phoenix Suns,Brooklyn Nets,1,0
Phoenix Suns,Chicago Bulls,1,0
Phoenix Suns,Cleveland Cavaliers,1,0
Phoenix Suns,Dallas Mavericks,1,0
Phoenix Suns,Denver Nuggets,1,0
Phoenix Suns,Golden State Warriors,1,0
Phoenix Suns,Houston Rockets,0,1
Phoenix Suns,Los Angeles Lakers,0,1
Phoenix Suns,Miami Heat,0,1
Phoenix Suns,Milwaukee Bucks,0,1
Phoenix Suns,New York Knicks,1,0
Phoenix Suns,Philadelphia 76ers,1,1
Phoenix Suns,Toronto Raptors,0,1
Toronto Raptors,Atlanta Hawks,0,1
Toronto Raptors,Boston Celtics,1,0
Toronto Raptors,Brooklyn Nets,1,0
Toronto Raptors,Chicago Bulls,0,1
Toronto Raptors,Cleveland Cavaliers,0,1
Toronto Raptors,Dallas Mavericks,0,1
Toronto Raptors,Denver Nuggets,1,0
Toronto Raptors,Golden State Warriors,1,0
Toronto Raptors,Houston Rockets,1,1
Toronto Raptors,Los Angeles Lakers,0,1
Toronto Raptors,Miami Heat,1,0
Toronto Raptors,Milwaukee Bucks,1,0
Toronto Raptors,New York Knicks,0,1
Toronto Raptors,Philadelphia 76ers,0,1
Toronto Raptors,Phoenix Suns,1,0
